{"input_size": 17, "hidden1": 16, "hidden2": 8, "scaler_mean": [2.3474226804123712, 1.0360824742268042, 6.436082474226804, 5.596907216494845, 2.5969072164948455, 1.5845360824742267, 0.5845360824742268, 0.38556701030927837, 0.3484123697715629, 0.04174226782255873, 1.4329896907216495, 9.617525773195876, 0.8440560919722331, 0.8190893504269344, 0.6490341768283205, 12440.060279075387, 0.8463917525773196], "scaler_scale": [1.516207475908577, 0.18649538675386992, 0.8363747947671, 1.0079021397685275, 1.0079021397685275, 0.6321033789561198, 0.6321033789561198, 0.486728970650449, 0.1309534993641563, 0.011055416791865207, 1.1612934176837357, 5.8494075884600285, 0.27386368749963286, 0.3077876661827524, 0.4399657337275754, 2923.4451426393175, 0.36057281337673436], "w1": [0.1369948834180832, -0.11730518192052841, -0.261518657207489, -0.05984062701463699, 0.1083337739109993, 0.03330400958657265, 0.1292230784893036, -0.1229255422949791, -0.22389262914657593, -0.041763629764318466, -0.17842958867549896, 0.062421854585409164, -0.02493186481297016, 0.4091613292694092, -0.10802370309829712, 0.9537752270698547, 0.16453206539154053, -0.05991869419813156, 0.00509427348151803, -0.1453438103199005, -0.3166125416755676, 0.002940061502158642, 0.14591337740421295, -0.09086495637893677, 0.07303319126367569, -0.020904546603560448, -0.1353067308664322, 0.06015895679593086, 0.21209655702114105, 0.5205237865447998, 0.12377041578292847, 0.16274484992027283, -0.38456007838249207, 0.10750864446163177, -0.1146480143070221, 0.2459239810705185, 0.2756568193435669, 0.36677810549736023, 0.029283707961440086, -0.12494051456451416, 0.1038098856806755, 0.18607674539089203, -0.1289045661687851, -0.024010207504034042, -0.1838136911392212, -0.40308982133865356, -0.2880791127681732, -0.13291992247104645, -0.046860773116350174, -0.11370445042848587, -0.012915635481476784, -0.1598234921693802, -0.06407319754362106, -0.08439981192350388, -0.30876660346984863, 0.03250216692686081, -0.15133756399154663, -0.06246071681380272, -0.25865232944488525, 0.17860105633735657, -0.3964516818523407, -0.20857952535152435, 0.240428626537323, 0.20971350371837616, -0.1946958303451538, 0.193567156791687, -0.1182282492518425, 0.10947205871343613, 0.0277812909334898, -0.2682414948940277, -0.5137603282928467, -0.4096364974975586, -0.40876173973083496, 0.016245149075984955, -0.17218011617660522, -0.14315856993198395, 0.268971711397171, 0.13135933876037598, -0.1420121043920517, -0.02813173457980156, 0.27088239789009094, -0.22502338886260986, -0.26148301362991333, 0.1347218006849289, 0.5189077854156494, -0.2730787396430969, 0.17826689779758453, 0.27109295129776, 0.19206209480762482, 0.22223113477230072, 0.030988678336143494, 0.2563157379627228, -0.4020712971687317, -0.16702130436897278, -0.12094198912382126, -0.13759125769138336, -0.21384426951408386, -0.1690613478422165, 0.24556735157966614, 0.2666049897670746, -0.06050773710012436, -0.01861547864973545, 0.03371322154998779, -0.4936627447605133, 0.0925586074590683, 0.19124533236026764, -0.13349656760692596, -0.3465084731578827, -0.3234098255634308, 0.25096482038497925, -0.03207642585039139, 0.23364216089248657, 0.29968127608299255, 0.03380652517080307, 0.5014369487762451, -0.33945634961128235, 0.3032490015029907, -0.36878570914268494, 0.5160102248191833, -0.06643355637788773, -0.19398808479309082, -0.14617875218391418, -0.13551302254199982, -0.22162631154060364, -0.2930171489715576, -0.35132455825805664, 0.048540595918893814, -0.029919447377324104, -0.0276299137622118, -0.03448666259646416, 0.1505451798439026, -0.06375211477279663, -0.23316669464111328, -0.30440080165863037, -0.2356550544500351, 0.32430827617645264, -0.07477834075689316, 0.2641405165195465, -0.21917350590229034, 0.4483339190483093, 0.24780701100826263, -0.2087688446044922, -0.14729100465774536, 0.16032524406909943, 0.02962104231119156, 0.29047542810440063, 0.24847152829170227, 0.036615900695323944, -0.3188657760620117, -0.22616373002529144, -0.041909631341695786, 0.03725218400359154, -0.19851693511009216, -0.037517160177230835, -0.3014468848705292, 0.27903464436531067, -0.07307921350002289, -0.17983762919902802, 0.052441131323575974, -0.0806315615773201, 0.28618374466896057, -0.23932822048664093, 0.2328902930021286, 0.3242020010948181, -0.15549549460411072, 0.2448713630437851, 0.11328938603401184, -0.010711302980780602, -0.21809591352939606, 0.008045975118875504, -0.10525959730148315, 0.02505764178931713, -0.36006614565849304, -0.3049596846103668, -0.07135873287916183, -0.13727322220802307, -0.023066898807883263, -0.3017626106739044, 0.27792635560035706, -0.24166320264339447, -0.22588393092155457, -0.19766978919506073, 0.3225242793560028, -0.07930948585271835, -0.10342799872159958, -0.1790841966867447, 0.2437201589345932, -0.32548215985298157, 0.2719324827194214, 0.24651077389717102, 0.004163057077676058, -0.05147763714194298, 0.04527365788817406, 0.16467048227787018, -0.5098809599876404, -0.07882900536060333, -0.20959867537021637, -0.13249413669109344, -0.11850088834762573, 0.07863841205835342, -0.12655140459537506, 0.0032179232221096754, -0.10085850208997726, -0.19066418707370758, -0.12849144637584686, -0.024359140545129776, 0.3445579707622528, 0.0003629094280768186, 0.11658357828855515, 0.263795405626297, 0.30899080634117126, 0.001850690576247871, 0.18025878071784973, 0.28676149249076843, 0.0463641993701458, 0.20941710472106934, 0.2221727967262268, 0.20236605405807495, -0.1948845535516739, -0.13955645263195038, -0.14541898667812347, 0.0029826287645846605, -0.149652898311615, 0.1418018788099289, 0.1846226453781128, 0.13202868402004242, 0.28266406059265137, 0.24893465638160706, -0.1458652764558792, -0.1029062494635582, -0.31213217973709106, 0.22748710215091705, 0.30940553545951843, 0.18553376197814941, -0.029715389013290405, 0.3035946488380432, -0.02286411263048649, -0.1389414668083191, -0.04236345365643501, 0.12904208898544312, 0.3297192454338074, -0.12675708532333374, -0.18636178970336914, 0.2797715961933136, 0.18701545894145966, -0.2977360785007477, 0.1804717481136322, -0.05552811175584793, -0.15360592305660248, -0.004411810077726841, 0.2960740327835083, -0.010510515421628952, -0.44223475456237793, 0.01495327241718769, 0.01572120562195778, -0.15797151625156403, 0.04548245295882225, 0.10908234119415283, 0.013399493880569935, 0.18375197052955627, -0.07927602529525757, 0.07472534477710724, 0.260968953371048, -0.09043838083744049, 0.194187194108963, 0.05199353024363518, 0.36700382828712463, 0.6343793272972107, -0.047617968171834946, -0.2193683236837387, -0.3813868463039398, 0.256072074174881], "b1": [0.009024366736412048, 0.4850199222564697, 0.012787308543920517, 0.45488443970680237, -0.009803324937820435, 0.3544010818004608, 0.23325414955615997, -0.05049936845898628, -0.022086478769779205, 0.3907426595687866, 0.24487097561359406, 0.29424190521240234, 0.44107887148857117, 0.23895473778247833, 0.17279137670993805, 0.1953730583190918],